date,Close,Open,High,Low,Volume
2020/1/6,1183,1155,1190,1146.5,9.02
2020/1/7,1183,1178.5,1191.5,1165.5,5.04
2020/1/8,1187,1209.5,1217,1172,8.82
2020/1/9,1155,1143.5,1156,1131,7.29
2020/1/10,1170,1158,1171.5,1152.5,4.65
2020/1/14,1155,1152,1159.5,1138,6.41
2020/1/15,1138,1151,1151.5,1129.5,4.89
2020/1/16,1124,1140.5,1146.5,1121,6.92
2020/1/17,1124,1129,1133.5,1113.5,4.27
2020/1/20,1124.5,1127,1133.5,1117.5,2.94
2020/1/21,1113.5,1117.5,1122,1108.5,3.12
2020/1/22,1103.5,1108,1112.5,1101,3.39
2020/1/23,1079,1085,1087,1072.5,6.25
2020/1/24,1073.5,1069.5,1075.5,1061,4.59
2020/1/27,1053,1043.5,1061,1037.5,4.32
2020/1/28,1034,1040.5,1041,1021.5,6.54
2020/1/29,1048,1042,1054,1037.5,4.56
2020/1/30,1042,1043.5,1051.5,1034,3.69
2020/1/31,1030.5,1045,1045.5,1030,5.41
2020/2/3,1024,1004.5,1025.5,996,4.61
2020/2/4,1029,1017,1029,1011,4.53
2020/2/5,1047.5,1029,1051.5,1027,6.41
2020/2/6,1074.5,1082.5,1083,1071,6.14
2020/2/7,1077.5,1075.5,1079,1070.5,3.13
2020/2/10,1069.5,1065,1072.5,1060.5,3.4
2020/2/12,1050.5,1062.5,1065.5,1047,5.21
2020/2/13,1049,1097.5,1098.5,1044,8.4
2020/2/14,1050.5,1039.5,1053,1034,4.27
2020/2/17,1050.5,1031,1053,1027.5,3.18
2020/2/18,1041.5,1047,1049.5,1034,3.04
2020/2/19,1042,1037.5,1051.5,1035,3.13
2020/2/20,1072,1071,1083.5,1065.5,6.28
2020/2/21,1069.5,1079.5,1082,1064,4.3
2020/2/25,1020,1018.5,1031,1008.5,8.28
2020/2/26,990.3,996.3,998.9,977,9.65
2020/2/27,958.5,972.4,972.5,952.2,9.09
2020/2/28,932.9,915,937.2,911.9,14.04
2020/3/2,934.4,906.2,944.7,906.2,7.18
2020/3/3,927.7,951.3,954.9,927.3,6.27
2020/3/4,921.1,916,933.1,910.7,5.96
2020/3/5,911,918.9,922.3,905.9,7.79
2020/3/6,880,881.3,891.5,875.4,9.16
2020/3/9,766,790,790.2,747.9,22.52
2020/3/10,732.8,717,735.3,691.1,24.31
2020/3/11,721.4,741.3,760.6,720.2,14.27
2020/3/12,678.4,702.4,711.5,673.7,15.3
2020/3/13,596,608.4,629,578.4,28.35
2020/3/16,585.9,596.2,612.9,564.8,14.62
2020/3/17,560.1,569.8,597.8,560,20.91
2020/3/18,533.8,548,563,533.8,18.41
2020/3/19,514.2,535.1,538,496.4,19.35
2020/3/23,517,515.7,543.2,515,15.87
2020/3/24,573,549.9,590.4,542.5,13.67
2020/3/25,628.2,623,628.2,603.3,12.1
2020/3/26,599.9,614.6,617.9,582.8,13.16
2020/3/27,600.9,624.9,628.9,591.3,13.11
2020/3/30,599.2,587.7,601.3,573,9.3
2020/3/31,608.8,594.6,614,593.8,9.53
2020/4/1,589.4,591,613.2,582.1,10.88
2020/4/2,616,586.3,619.8,585.1,14.23
2020/4/3,632.2,656,667.7,627,20.89
2020/4/6,672,638.3,681.1,632.4,16.17
2020/4/7,678.4,675.1,689.6,661.2,11.11
2020/4/8,662.2,671,672.9,642.4,15.08
2020/4/9,673.1,682,683,666,10.03
2020/4/10,652.6,654.8,663.8,642.3,13.52
2020/4/13,662.5,657,673.8,655,7.34
2020/4/14,667.2,663.5,673.2,655,7.01
2020/4/15,639.9,647.2,649.2,632.4,13.52
2020/4/16,641.8,630,646,626,7.37
2020/4/17,643.4,652,653.7,638,8.12
2020/4/20,635,640.3,646.6,633.1,8.42
2020/4/21,629.7,620,636.1,617.6,8.96
2020/4/22,614.3,616.9,619.1,602.1,9.62
2020/4/23,651.2,627,652.5,626.4,13.7
2020/4/24,653.4,645.4,653.8,640.1,12.3
2020/4/27,665.8,655.5,667.9,650,9.92
2020/4/28,657.7,659.8,661.8,650.6,8.3
2020/4/30,691.1,677.7,700,672.9,16.41
2020/5/1,673.5,690.3,694.8,666,9.98
2020/5/7,677,681.7,687.2,673,10.28
2020/5/8,692.2,685,692.9,680,7.82
2020/5/11,697,709.5,709.5,697,7
2020/5/12,690.3,696.7,696.9,685.8,6.98
2020/5/13,682.8,672,688.6,668.5,8.85
2020/5/14,663.4,668.1,673.1,660.7,9.46
2020/5/15,682,682.3,688.3,671.5,10.1
2020/5/18,709.3,692,715.8,690.3,11.39
2020/5/19,732.9,739.9,747.5,724.5,11.03
2020/5/20,741.2,725.4,743.6,723,8.68
2020/5/21,753.7,760,774.2,752,12.41
2020/5/22,721.8,749,752.6,720,11.96
2020/5/25,739,736.8,749.7,736,8.11
2020/5/26,749.1,748,752.9,735,8.24
2020/5/27,770.7,753,777.1,743,9.82
2020/5/28,765,757.4,775,753.7,10.58
2020/5/29,750.9,756.9,757.1,742.7,18.33
2020/6/1,741.4,760,762,738.7,7.47
2020/6/2,757,753.2,767.4,750,8.58
2020/6/3,774.2,772,783.5,769.1,10.77
2020/6/4,755.8,777.4,781.9,753.5,10.43
2020/6/5,766,762.3,766,748.7,7.63
2020/6/8,805,790.7,809,785.9,13.37
2020/6/9,800,815,816,791,9.16
2020/6/10,779.8,786.8,790,772.4,8.91
2020/6/11,739.5,749.8,759.3,736.4,13.06
2020/6/12,721.8,699.3,725.3,692.7,12.95
2020/6/15,706.1,714.1,730.8,705.3,8.21
2020/6/16,733.3,724.9,739.3,713.9,11.75
2020/6/17,723.8,734.6,736.7,713,7.55
2020/6/18,711,708.8,714.4,701.1,7.79
2020/6/19,713.2,722,723.5,706.4,8.41
2020/6/22,705,701.1,712,698.5,6
2020/6/23,703,710.1,714.7,699.3,6.52
2020/6/24,699.4,705,705.6,691.4,7.03
2020/6/25,690.5,681.8,691.9,680.3,7.85
2020/6/26,685,691.6,694.9,682.7,7.61
2020/6/29,659.6,672.9,674.7,653.4,9.61
2020/6/30,666.9,672,679.6,665.6,6.28
2020/7/1,661,670,675,656.6,5.33
2020/7/2,665.2,659.9,672,658,7.57
2020/7/3,661.5,670,671.8,656.1,5.9
2020/7/6,665.9,656,666.9,649.9,7.59
2020/7/7,655.6,670,674.6,651.8,7.5
2020/7/8,634,645,645.9,634,12.31
2020/7/9,628.6,630,636.8,624.1,11.89
2020/7/10,598.2,609.8,611.8,598.1,12.45
2020/7/13,634.3,613.7,641,613.2,11.77
2020/7/14,622.4,623.7,631.6,620.1,6.53
2020/7/15,646.8,640,647.9,637.2,10.89
2020/7/16,653.9,671.5,673.1,651.7,12.51
2020/7/17,653.6,651.8,658,643.8,7
2020/7/20,650,648.8,650.4,640.5,5.45
2020/7/21,645.6,644.5,650,636.7,6.14
2020/7/22,663.9,656.9,670.5,656.1,9.86
2020/7/27,668,663.5,668.7,645.5,7.71
2020/7/28,659.1,663.4,667.8,656.9,6.47
2020/7/29,648.1,663.4,663.4,646.6,7.47
2020/7/30,631.2,645.4,646,625.1,18.17
2020/7/31,599.1,622.1,626.2,599,10.41
2020/8/3,605.9,600.6,610.5,600.1,5.09
2020/8/4,616.4,610.8,618.4,608.3,5.42
2020/8/5,627.9,619,634.4,611,7.66
2020/8/6,636,647.9,653.3,617.6,7.61
2020/8/7,666,641,680.6,639.4,15.23
2020/8/11,691.2,686,702.3,682.3,12.28
2020/8/12,698.4,689.7,700.2,685.5,6.97
2020/8/13,694.2,705,712.6,691.1,7.87
2020/8/14,683.2,688.5,690.8,679.4,6.56
2020/8/17,678.1,681,687.4,675.4,3.87
2020/8/18,660,668.1,671.2,656.6,6.54
2020/8/19,662,652,665.7,649.1,3.08
2020/8/20,656.3,657.1,663.4,650.9,4.67
2020/8/21,659.7,652.2,665,652,4.11
2020/8/24,661.5,658.5,661.9,651.6,3.49
2020/8/25,671.1,677.4,678.3,667.2,6.51
2020/8/26,678.1,677,682.7,673.2,4.85
2020/8/27,661.5,666.6,668.1,655.5,5.99
2020/8/28,654.8,668.9,674.2,649.5,8.36
2020/8/31,673.8,673.9,680.9,659.1,9.91
2020/9/1,666.2,664.7,668.8,658.2,5.38
2020/9/2,655.6,662.1,665.2,649.4,7.21
2020/9/3,651.5,657.6,659.8,650.1,5.33
2020/9/4,644.9,643.7,646.3,639,5.21
2020/9/7,640.1,639.4,648.5,636.9,4.13
2020/9/8,647.5,646.5,650.2,644.3,4.49
2020/9/9,627.7,630,632,616.5,11.04
2020/9/10,636.9,630.2,638.4,627.9,6.11
2020/9/11,632.8,626.9,634.5,626.1,4.72
2020/9/14,634.7,638,639.8,632.8,3.93
2020/9/15,620.3,630,631,620,6.28
2020/9/16,605,617.8,617.9,605,10.02
2020/9/17,602.8,617.1,617.2,600.9,10.07
2020/9/18,601.9,603.8,605,599.3,10.58
2020/9/23,578.6,593.6,594.9,575.1,12.56
2020/9/24,563.4,577.2,579.5,563,11.35
2020/9/25,569.9,565,572,558.3,7.56
2020/9/28,574.6,572.1,574.9,563.1,6.46
2020/9/29,579,580.4,584.8,573.3,5.12
2020/9/30,563.5,566.5,573.8,561.6,8.76
2020/10/2,546.2,565.5,568.8,544,10.53
2020/10/5,569.9,560.8,576.8,560.2,9.57
2020/10/6,579.6,572,580.4,571.5,6.67
2020/10/7,580,576.9,580.3,568.8,5.39
2020/10/8,577.2,579.7,581.4,574,5.26
2020/10/9,569.1,580.4,582.6,565.9,8.63
2020/10/12,569.1,569.4,572,567.2,3.2
2020/10/13,557.9,565.6,566.1,555.3,5.64
2020/10/14,549.7,550,550,541.1,8.17
2020/10/15,547.3,553.7,555.9,546.2,5.76
2020/10/16,538,547.4,547.5,538,4.67
2020/10/19,539.3,539.8,542.7,533.9,6.19
2020/10/20,522.9,530.4,532.4,520.6,10.38
2020/10/21,538.5,525,540.4,525,8.29
2020/10/22,526.4,528.5,530.7,525.5,7.22
2020/10/23,540.4,539.4,543.6,532.4,5.59
2020/10/26,544.5,538.5,550.6,536.5,5.62
2020/10/27,528,532,533.4,526.5,5.77
2020/10/28,508.1,519.1,520.3,505,9.48
2020/10/29,504.6,498.1,506.9,494.2,9.16
2020/10/30,492,500,505,489,8.15
2020/11/2,499,489,506,489,5.79
2020/11/4,526,512,528,511,9.45
2020/11/5,506,516,516,500,6.91
2020/11/6,507,500,509,496,5.64
2020/11/9,500,507,507,491,7.73
2020/11/10,542,545,548,526,12.67
2020/11/11,563,555,571,554,11.35
2020/11/12,551,563,563,542,6.93
2020/11/13,538,543,543,528,5.48
2020/11/16,548,550,552,541,5.37
2020/11/17,570,558,575,545,10.88
2020/11/18,581,571,588,569,12.38
2020/11/19,575,582,583,565,8.46
2020/11/20,576,575,577,567,4.72
2020/11/24,589,590,598,585,8.5
2020/11/25,607,622,629,607,13.73
2020/11/26,617,607,621,605,8.61
2020/11/27,611,607,614,606,5.86
2020/11/30,584,611,611,580,15.26
2020/12/1,580,582,584,567,7.98
2020/12/2,573,578,583,571,7.63
2020/12/3,575,583,584,572,5.6
2020/12/4,569,581,581,568,5.97
2020/12/7,573,577,581,573,6.99
2020/12/8,569,565,573,562,4.55
2020/12/9,571,573,575,568,4.5
2020/12/10,574,576,582,573,4.82
2020/12/11,576,579,582,575,6.85
2020/12/14,582,577,584,574,6.33
2020/12/15,579,575,581,572,5.13
2020/12/16,589,584,593,583,5.38
2020/12/17,588,593,595,582,6.29
2020/12/18,586,587,591,584,8.28
2020/12/21,575,591,591,571,7.18
2020/12/22,546,564,566,545,10.08
2020/12/23,546,546,550,542,7.05
2020/12/24,573,561,576,561,7.36
2020/12/25,578,576,583,574,4.48
2020/12/28,573,577,580,568,9.17
2020/12/29,562,561,564,555,8.08
2020/12/30,556,559,560,552,4.5
2021/1/4,547,559,560,539,6.19
2021/1/5,551,547,552,544,5.29
2021/1/6,585,571,585,567,16.21
2021/1/7,599,592,604,587,12.96
2021/1/8,609,615,617,601,13.36
2021/1/12,618,615,624,608,10.18
2021/1/13,649,628,650,627,17.94
2021/1/14,643,659,661,640,13.39
2021/1/15,658,655,666,653,12.46
2021/1/18,640,641,648,631,7.92
2021/1/19,629,635,639,626,7.13
2021/1/20,642,636,647,632,6.92
2021/1/21,639,642,644,634,5.74
2021/1/22,622,630,634,620,7.93
2021/1/25,618,624,626,616,5.05
2021/1/26,606,618,619,602,7.35
2021/1/27,604,605,613,600,6.49
2021/1/28,606,592,612,591,7.88
2021/1/29,605,608,609,598,6.64
2021/2/1,601,606,609,598,5.96
2021/2/2,611,607,618,603,6.57
2021/2/3,628,621,628,619,7.45
2021/2/4,636,641,644,633,9.66
2021/2/5,653,641,662,640,11.1
2021/2/8,698,676,702,673,18.52
2021/2/9,718,714,729,701,22.22
2021/2/10,714,703,722,693,11.03
2021/2/12,723,723,742,720,17.13
2021/2/15,769,756,773,750,18.52
2021/2/16,781,795,803,775,19.3
2021/2/17,812,781,817,774,19.28
2021/2/18,790,820,823,783,17.41
2021/2/19,757,767,773,746,14.67
2021/2/22,776,769,781,759,11.37
2021/2/24,776,806,808,774,15.46
2021/2/25,790,798,798,785,11.16
2021/2/26,784,782,806,780,12.83
2021/3/1,793,782,793,768,10.78
2021/3/2,771,789,793,766,9.89
2021/3/3,776,771,779,760,9.45
2021/3/4,778,782,787,768,9.88
2021/3/5,811,808,816,788,20.04
2021/3/8,848,842,865,838,24.17
2021/3/9,833,830,839,814,17.91
2021/3/10,804,803,810,795,16.49
2021/3/11,805,810,817,799,10.04
2021/3/12,822,810,829,803,11.99
2021/3/15,826,823,829,816,10.29
2021/3/16,828,815,828,814,9.2
2021/3/17,808,818,824,804,10.09
2021/3/18,812,803,815,802,9.58
2021/3/19,796,787,806,785,18.95
2021/3/22,807,801,810,790,8.97
2021/3/23,791,803,808,784,13.79
2021/3/24,746,765,767,731,21.4
2021/3/25,770,765,783,764,13.75
2021/3/26,779,769,785,766,11.34
2021/3/29,779,798,800,770,10.31
2021/3/30,774,782,794,769,10.33
2021/3/31,756,767,770,756,13
2021/4/1,763,755,770,755,7.46
2021/4/2,774,778,782,763,8.37
2021/4/5,777,774,782,769,6.84
2021/4/6,755,763,768,748,9.93
2021/4/7,769,760,769,753,7.34
2021/4/8,770,769,772,762,5.87
2021/4/9,754,773,773,754,9.35
2021/4/12,744,747,755,743,8.66
2021/4/13,733,740,744,729,9.42
2021/4/14,730,733,733,718,13.92
2021/4/15,754,750,761,747,11.74
2021/4/16,776,762,778,759,11.43
2021/4/19,766,759,773,758,9.97
2021/4/20,756,762,764,750,8.21
2021/4/21,731,734,739,727,10.34
2021/4/22,735,732,739,725,6.79
2021/4/23,729,730,735,725,5.53
2021/4/26,730,730,735,723,4.77
2021/4/27,729,726,733,718,6.81
2021/4/28,745,729,747,726,7.71
2021/4/30,746,760,762,743,7.67
2021/5/6,776,770,783,766,13.48
2021/5/7,792,775,793,768,10.31
2021/5/10,813,814,818,807,14.98
2021/5/11,806,809,819,800,11.32
2021/5/12,798,802,809,788,12.75
2021/5/13,780,792,806,779,13.3
2021/5/14,798,797,807,786,12.33
2021/5/17,799,805,806,791,7.85
2021/5/18,825,808,828,806,12.16
2021/5/19,807,812,828,803,8.83
2021/5/20,778,793,797,773,10.48
2021/5/21,748,768,774,747,13.13
2021/5/24,762,757,769,754,6.52
2021/5/25,765,770,773,765,5.68
2021/5/26,761,755,766,753,7.93
2021/5/27,742,759,762,741,14.42
2021/5/28,753,753,758,749,9.11
2021/5/31,753,752,755,747,5.64
2021/6/1,772,763,774,759,8.21
2021/6/2,804,790,808,783,14
2021/6/3,805,800,814,798,9.18
2021/6/4,810,805,810,803,6.93
2021/6/7,809,819,822,809,6.94
2021/6/8,801,800,810,793,7.91
2021/6/9,821,808,822,807,9.2
2021/6/10,815,825,826,812,8.4
2021/6/11,807,814,814,806,7.24
2021/6/14,808,808,815,802,6.47
2021/6/15,810,803,812,802,6.35
2021/6/16,840,820,848,818,15.75
2021/6/17,851,838,851,832,10.63
2021/6/18,816,827,831,812,20.89
2021/6/21,803,799,811,795,10.71
2021/6/22,833,832,836,820,14.95
2021/6/23,842,829,842,826,10.16
2021/6/24,865,845,868,840,16.81
2021/6/25,887,868,892,867,17.77
2021/6/28,870,886,897,868,17.69
2021/6/29,829,840,844,824,16.4
2021/6/30,829,829,835,823,9.26
2021/7/1,835,840,843,831,7.11
2021/7/2,855,846,862,845,10.86
2021/7/5,842,850,854,835,8.17
2021/7/6,857,850,872,850,12.26
2021/7/7,825,831,835,818,12.45
2021/7/8,791,803,810,789,17.05
2021/7/9,804,789,805,786,13.32
2021/7/12,813,811,818,808,7.61
2021/7/13,841,838,848,833,13.48
2021/7/14,841,834,843,832,6.55
2021/7/15,819,821,825,818,8.26
2021/7/16,809,805,814,799,8.71
2021/7/19,793,791,798,784,10.42
2021/7/20,757,757,768,754,17.38
2021/7/21,750,764,766,748,13.14
2021/7/26,766,780,782,762,11.42
2021/7/27,778,778,785,776,8.14
2021/7/28,777,773,782,772,5.8
2021/7/29,778,780,782,772,17
2021/7/30,775,785,790,773,6.55
2021/8/2,784,775,788,774,6.26
2021/8/3,764,772,775,760,10.17
2021/8/4,781,768,784,764,10.14
2021/8/5,773,770,778,768,5.45
2021/8/6,780,775,786,770,7.09
2021/8/10,783,780,797,780,9.3
2021/8/11,790,813,825,790,15.33
2021/8/12,800,804,812,800,9.5
2021/8/13,799,798,800,791,6.69
2021/8/16,779,787,788,776,8.66
2021/8/17,769,769,779,766,7.54
2021/8/18,767,758,773,754,8.01
2021/8/19,739,752,756,738,13.14
2021/8/20,728,723,730,721,10.81
2021/8/23,727,717,733,716,9.74
2021/8/24,736,742,747,735,11.45
2021/8/25,746,750,761,745,8.09
2021/8/26,752,755,758,747,8.13
2021/8/27,749,740,750,732,8.62
2021/8/30,764,770,771,761,8.94
2021/8/31,758,760,763,756,8.72
2021/9/1,766,761,767,759,5.88
2021/9/2,763,768,769,762,5.62
2021/9/3,772,774,780,770,10.52
2021/9/6,763,778,779,760,9.38
2021/9/7,773,766,776,763,7.92
2021/9/8,783,777,784,774,7.89
2021/9/9,782,784,785,775,6.95
2021/9/10,784,778,789,777,8.84
2021/9/13,791,778,794,778,8.82
2021/9/14,787,800,807,787,19.81
2021/9/15,774,776,778,767,15.37
2021/9/16,789,793,803,778,18.29
2021/9/17,791,784,792,773,17.39
2021/9/21,788,771,790,771,9.02
2021/9/22,791,785,794,783,7.12
2021/9/24,818,812,822,807,14.72
2021/9/27,857,838,860,835,19.49
2021/9/28,893,884,898,871,27.37
2021/9/29,887,881,900,877,17.33
2021/9/30,876,899,900,869,16.97
2021/10/1,883,872,893,872,15.2
2021/10/4,893,907,937,892,21.91
2021/10/5,943,937,949,924,26.52
2021/10/6,976,983,983,957,27.17
2021/10/7,895,925,926,879,35.29
2021/10/8,934,913,939,911,24.11
2021/10/11,965,960,973,945,20.5
2021/10/12,982,968,991,965,19.56
2021/10/13,979,973,982,961,14.3
2021/10/14,956,970,974,954,15.67
2021/10/15,963,960,966,953,12.9
2021/10/18,1010,990,1018,988,20.16
2021/10/19,971,994,996,967,17.27
2021/10/20,969,981,986,967,14.1
2021/10/21,963,982,993,963,11.94
2021/10/22,951,945,959,941,9.27
2021/10/25,976,961,978,956,9.87
2021/10/26,987,982,1001,977,12.78
2021/10/27,987,988,992,980,7.9
2021/10/28,948,960,973,947,16.11
2021/10/29,952,946,958,945,9.77
2021/11/1,969,958,970,951,9.9
2021/11/2,960,975,976,953,10.2
2021/11/4,939,938,960,933,13.57
2021/11/5,946,938,956,934,11.39
2021/11/8,970,963,994,957,22.03
2021/11/9,969,983,986,969,12.92
2021/11/10,969,981,986,967,10.05
2021/11/11,952,954,959,945,13.66
2021/11/12,971,953,974,952,8.61
2021/11/15,970,971,977,962,8.75
2021/11/16,985,977,992,972,10.3
2021/11/17,1004,994,1018,989,17.02
2021/11/18,933,966,970,929,25.24
2021/11/19,963,940,965,938,12.8
2021/11/22,920,920,928,898,20.27
2021/11/24,955,940,961,938,14.23
2021/11/25,974,951,977,951,10.05
2021/11/26,950,970,976,946,12.19
2021/11/29,936,910,954,909,14.98
2021/11/30,937,946,963,935,17
2021/12/1,938,932,945,910,11.7
2021/12/2,913,925,928,904,13.82
2021/12/3,927,903,931,901,11.45
2021/12/6,947,937,956,937,9.55
2021/12/7,974,961,977,959,11.02
2021/12/8,989,994,997,980,11.72
2021/12/9,989,982,995,976,7.13
2021/12/10,986,990,1009,985,14.85
2021/12/13,987,999,999,986,8.8
2021/12/14,976,976,985,972,8.41
2021/12/15,987,984,994,983,7.29
2021/12/16,1011,996,1013,996,10.98
2021/12/17,1019,1020,1026,1011,11.58
2021/12/20,971,1000,1003,969,13.2
2021/12/21,980,985,989,976,7.46
2021/12/22,995,992,999,990,7.49
2021/12/23,1020,1009,1030,1009,11.18
2021/12/24,1013,1025,1031,1009,6.4
2021/12/27,1010,1015,1016,998,5.41
2021/12/28,1020,1014,1026,1014,10.61
2021/12/29,1007,1015,1016,996,6.62
2021/12/30,1002,1000,1007,996,5.04
2022/1/4,1002,1017,1019,1000,6.64
2022/1/5,1015,1013,1025,1010,10.43
2022/1/6,994,1020,1023,989,12.51
2022/1/7,1031,1007,1031,1006,13.43
2022/1/11,1019,1027,1030,1007,9.14
2022/1/12,1088,1041,1090,1040,19.14
2022/1/13,1101,1108,1118,1090,13.38
2022/1/14,1089,1094,1096,1076,10.35
2022/1/17,1123,1131,1141,1112,12.4
2022/1/18,1142,1147,1159,1132,14.55
2022/1/19,1129,1150,1156,1126,14.1
2022/1/20,1118,1110,1121,1094,11.82
2022/1/21,1051,1050,1059,1023,19.89
2022/1/24,1099,1066,1101,1063,16.04
2022/1/25,1097,1089,1105,1083,12.57
2022/1/26,1091,1129,1137,1091,11.08
2022/1/27,1093,1112,1129,1091,13.94
2022/1/28,1123,1117,1124,1100,10.99
2022/1/31,1155,1130,1162,1124,14.02
2022/2/1,1115,1150,1152,1111,11.93
2022/2/2,1138,1114,1140,1097,14.64
2022/2/3,1148,1133,1149,1130,7.28
2022/2/4,1162,1175,1180,1151,10.72
2022/2/7,1174,1176,1182,1168,11.76
2022/2/8,1176,1162,1177,1151,7.97
2022/2/9,1147,1141,1154,1121,17.97
2022/2/10,1143,1158,1165,1140,14.09
2022/2/14,1218,1184,1220,1183,25.4
2022/2/15,1178,1200,1206,1172,17.15
2022/2/16,1138,1132,1138,1108,21.3
2022/2/17,1170,1150,1185,1132,19.36
2022/2/18,1131,1163,1164,1126,13.91
2022/2/21,1127,1140,1152,1118,8.57
2022/2/22,1146,1145,1154,1126,11.08
2022/2/24,1229,1145,1229,1142,31.55
2022/2/25,1155,1164,1175,1133,21.48
2022/2/28,1185,1184,1209,1170,20.41
2022/3/1,1222,1220,1237,1200,22.54
2022/3/2,1316,1275,1333,1251,34.17
2022/3/3,1344,1330,1375,1329,35.55
2022/3/4,1337,1324,1354,1311,24.14
2022/3/7,1428,1439,1440,1395,32.93
2022/3/8,1341,1431,1437,1332,33.79
2022/3/9,1338,1360,1382,1331,21.01
2022/3/10,1342,1241,1346,1241,28.52
2022/3/11,1390,1366,1396,1361,19.83
2022/3/14,1392,1390,1403,1348,18.52
2022/3/15,1297,1332,1342,1268,23.77
2022/3/16,1290,1251,1297,1244,16.43
2022/3/17,1318,1270,1318,1268,14.39
2022/3/18,1321,1329,1359,1321,20.16
2022/3/22,1435,1395,1456,1393,26.26
2022/3/23,1462,1428,1464,1416,16.84
2022/3/24,1491,1500,1529,1468,16.84
2022/3/25,1488,1470,1509,1468,13.04
2022/3/28,1500,1522,1540,1491,16.72
2022/3/29,1510,1460,1512,1455,11.76
2022/3/30,1460,1485,1501,1448,21.4
2022/3/31,1440,1475,1477,1418,16.92
2022/4/1,1419,1425,1430,1405,10.44
2022/4/4,1459,1428,1462,1421,9.17
2022/4/5,1488,1488,1498,1471,13.29
2022/4/6,1471,1470,1495,1465,12.89
2022/4/7,1435,1445,1459,1408,12.77
2022/4/8,1446,1439,1449,1427,7.7
2022/4/11,1471,1470,1497,1467,10.27
2022/4/12,1447,1447,1485,1430,10.21
2022/4/13,1517,1490,1522,1486,17.41
2022/4/14,1575,1535,1579,1525,14.49
2022/4/15,1578,1591,1605,1571,10.7
2022/4/18,1607,1631,1638,1591,11.89
2022/4/19,1668,1623,1677,1616,17.72
2022/4/20,1651,1630,1665,1622,14.17
2022/4/21,1644,1641,1650,1602,12.64
2022/4/22,1585,1628,1630,1576,13.55
2022/4/25,1519,1521,1569,1513,15.17
2022/4/26,1465,1495,1505,1430,22.45
2022/4/27,1473,1480,1496,1446,17.64
2022/4/28,1532,1482,1532,1475,12.52
2022/5/2,1524,1530,1543,1505,9.81
2022/5/6,1598,1599,1624,1568,17.34
2022/5/9,1598,1611,1628,1585,14.04
2022/5/10,1471,1522,1537,1445,21.69
2022/5/11,1478,1435,1490,1432,12.75
2022/5/12,1474,1510,1517,1472,15.5
2022/5/13,1466,1485,1485,1445,14.01
2022/5/16,1472,1490,1507,1467,11.88
2022/5/17,1555,1516,1567,1497,15.28
2022/5/18,1545,1565,1571,1527,12.35
2022/5/19,1535,1476,1545,1476,11.01
2022/5/20,1526,1538,1538,1514,9.12
2022/5/23,1510,1512,1515,1493,8.93
2022/5/24,1512,1521,1534,1503,9.38
2022/5/25,1519,1520,1525,1505,7.18
2022/5/26,1521,1533,1537,1514,6.76
2022/5/27,1567,1549,1574,1535,12.3
2022/5/30,1581,1594,1603,1570,11.25
2022/5/31,1679,1611,1691,1606,33.55
2022/6/1,1601,1643,1649,1597,22
2022/6/2,1567,1597,1599,1552,14.21
2022/6/3,1606,1604,1613,1583,14.06
2022/6/6,1621,1635,1653,1616,14.95
2022/6/7,1671,1629,1682,1623,13.84
2022/6/8,1750,1689,1754,1680,19.68
2022/6/9,1807,1810,1831,1777,21.53
2022/6/10,1784,1791,1804,1770,14.37
2022/6/13,1741,1767,1795,1739,15.63
2022/6/14,1725,1720,1732,1677,18.13
2022/6/15,1662,1697,1705,1647,19.19
2022/6/16,1673,1642,1699,1637,13.55
2022/6/17,1631,1638,1652,1595,23.77
2022/6/20,1477,1568,1578,1461,27
2022/6/21,1547,1507,1561,1487,15.44
2022/6/22,1486,1562,1564,1468,18.84
2022/6/23,1447,1435,1472,1423,18.32
2022/6/24,1442,1428,1453,1421,13.66
2022/6/27,1496,1477,1500,1452,11.73
2022/6/28,1569,1550,1571,1532,20.13
2022/6/29,1525,1578,1608,1520,19.35
2022/6/30,1470,1485,1493,1459,12
2022/7/1,1409,1440,1442,1404,15.83
2022/7/4,1450,1434,1454,1415,10.31
2022/7/5,1482,1474,1491,1456,10.99
2022/7/6,1333,1377,1400,1327,24.72
2022/7/7,1338,1327,1343,1293,19.52
2022/7/8,1374,1368,1403,1356,17.51
2022/7/11,1404,1415,1435,1401,9.37
2022/7/12,1389,1385,1401,1363,10.55
2022/7/13,1366,1330,1374,1327,11.15
2022/7/14,1379,1354,1385,1347,8.98
2022/7/15,1346,1375,1375,1338,9.39
2022/7/19,1409,1405,1422,1393,11.13
2022/7/20,1422,1433,1433,1412,7.62
2022/7/21,1416,1435,1441,1415,6.34
2022/7/22,1400,1400,1410,1390,7.05
2022/7/25,1394,1385,1407,1382,5
2022/7/26,1440,1424,1447,1418,9.38
2022/7/27,1443,1447,1456,1426,5.66
2022/7/28,1498,1471,1505,1458,20.22
2022/7/29,1508,1502,1529,1498,10.69
2022/8/1,1506,1520,1523,1498,7.34
2022/8/2,1466,1455,1476,1455,7.33
2022/8/3,1481,1470,1485,1466,6.2
2022/8/4,1415,1440,1448,1415,11.5
2022/8/5,1405,1356,1413,1354,10.97
2022/8/8,1471,1422,1481,1422,12.39
2022/8/9,1494,1550,1551,1492,25.92
2022/8/10,1484,1500,1506,1469,12.84
2022/8/12,1513,1506,1521,1498,12.07
2022/8/15,1491,1481,1501,1473,8.3
2022/8/16,1466,1461,1473,1454,9.81
2022/8/17,1469,1457,1473,1446,9.83
2022/8/18,1478,1482,1492,1473,8.16
2022/8/19,1493,1490,1500,1484,10.8
2022/8/22,1538,1500,1552,1498,14.72
2022/8/23,1568,1573,1608,1564,22.09
2022/8/24,1595,1627,1649,1591,17.64
2022/8/25,1596,1602,1611,1579,9.63
2022/8/26,1583,1580,1609,1577,9.21
2022/8/29,1594,1570,1598,1570,11.19
2022/8/30,1663,1630,1675,1627,16.97
2022/8/31,1604,1612,1617,1581,17.59
2022/9/1,1557,1588,1597,1557,13.33
2022/9/2,1544,1544,1560,1511,13.33
2022/9/5,1556,1553,1561,1538,8.46
2022/9/6,1544,1569,1573,1543,9.77
2022/9/7,1500,1497,1510,1484,12.84
2022/9/8,1491,1451,1501,1449,14.33
2022/9/9,1508,1491,1509,1486,11.72
2022/9/12,1493,1518,1525,1486,10.01
2022/9/13,1515,1520,1526,1505,7.29
2022/9/14,1520,1506,1534,1499,10.92
2022/9/15,1536,1545,1549,1526,8.47
2022/9/16,1508,1504,1511,1496,10.34
2022/9/20,1507,1511,1534,1506,6.96
2022/9/21,1507,1507,1527,1504,7.63
2022/9/22,1509,1485,1510,1476,8.25
2022/9/26,1360,1451,1459,1359,19.34
2022/9/27,1348,1332,1381,1318,12.64
2022/9/28,1333,1360,1383,1324,14.78
2022/9/29,1366,1363,1376,1346,12.08
2022/9/30,1359,1366,1370,1348,9.87
2022/10/3,1400,1362,1402,1358,11.24
2022/10/4,1475,1439,1477,1437,13.2
2022/10/5,1487,1497,1502,1479,11.61
2022/10/6,1517,1517,1547,1507,12.77
2022/10/7,1500,1527,1532,1500,10.35
2022/10/11,1494,1503,1523,1492,9.14
2022/10/12,1470,1475,1480,1457,9.1
2022/10/13,1486,1486,1492,1475,8.53
2022/10/14,1506,1516,1519,1499,8.44
2022/10/17,1472,1471,1476,1455,9.31
2022/10/18,1470,1466,1474,1452,9.52
2022/10/19,1457,1466,1467,1447,8.13
2022/10/20,1483,1471,1492,1464,9.48
2022/10/21,1483,1474,1489,1474,5.2
2022/10/24,1484,1493,1496,1483,5.69
2022/10/25,1504,1483,1513,1475,6.35
2022/10/26,1490,1499,1501,1486,7.56
2022/10/27,1513,1507,1524,1503,8.14
2022/10/28,1496,1508,1512,1495,12.83
2022/10/31,1518,1497,1523,1492,6.1
2022/11/1,1545,1526,1545,1523,6.92
2022/11/2,1590,1556,1600,1555,10.4
2022/11/4,1589,1600,1604,1568,8.91
2022/11/7,1611,1616,1621,1598,11.14
2022/11/8,1645,1623,1647,1612,11.46
2022/11/9,1596,1598,1615,1570,13.34
2022/11/10,1561,1556,1568,1542,10.99
2022/11/11,1569,1576,1584,1547,9.85
2022/11/14,1545,1581,1582,1545,8.16
2022/11/15,1527,1529,1543,1524,8.33
2022/11/16,1557,1557,1571,1549,7.41
2022/11/17,1534,1547,1567,1534,7.79
2022/11/18,1529,1535,1545,1526,6.82
2022/11/21,1506,1522,1525,1496,9.43
2022/11/22,1526,1508,1533,1508,6.31
2022/11/24,1536,1508,1542,1506,7.47
2022/11/25,1564,1551,1564,1538,6.25
2022/11/28,1528,1558,1563,1516,11.44
2022/11/29,1554,1528,1554,1519,7.76
2022/11/30,1533,1541,1548,1533,9.87
2022/12/1,1533,1537,1545,1531,5.53
2022/12/2,1497,1518,1518,1491,12.08
2022/12/5,1505,1504,1514,1499,5.71
2022/12/6,1485,1470,1490,1467,7.52
2022/12/7,1457,1460,1472,1452,10.74
2022/12/8,1445,1445,1448,1434,8.69
2022/12/9,1424,1427,1439,1421,11.72
2022/12/12,1429,1416,1431,1410,9.92
2022/12/13,1440,1446,1453,1438,6.98
2022/12/14,1459,1455,1465,1451,6.81
2022/12/15,1485,1460,1485,1460,5.44
2022/12/16,1468,1474,1480,1462,8.81
2022/12/19,1426,1450,1452,1424,8.05
2022/12/20,1408,1425,1450,1403,10.16
2022/12/21,1404,1419,1428,1404,7.72
2022/12/22,1439,1433,1441,1420,5.89
2022/12/23,1425,1426,1430,1413,5.84
2022/12/26,1461,1444,1470,1441,5.51
2022/12/27,1477,1469,1482,1461,5.14
2022/12/28,1471,1474,1480,1457,7.52
2022/12/29,1416,1411,1419,1406,8.55
2022/12/30,1396,1415,1425,1396,6.26
2023/1/4,1337,1340,1352,1333,9.76
2023/1/5,1322,1309,1340,1301,8.27
2023/1/6,1356,1328,1364,1327,8.51
2023/1/10,1371,1367,1378,1361,5.81
2023/1/11,1378,1370,1389,1370,5.35
2023/1/12,1399,1392,1403,1386,5.4
2023/1/13,1406,1420,1425,1402,7.28
2023/1/16,1410,1399,1412,1389,4.42
2023/1/17,1420,1413,1423,1410,4.78
2023/1/18,1442,1428,1452,1422,6.31
2023/1/19,1413,1412,1423,1400,5.73
2023/1/20,1441,1431,1442,1426,4.53
2023/1/23,1454,1449,1454,1440,4.39
2023/1/24,1469,1451,1474,1451,6.11
2023/1/25,1472,1465,1477,1462,3.47
2023/1/26,1476,1478,1481,1465,4.04
2023/1/27,1465,1483,1487,1456,4.5
2023/1/30,1450,1463,1469,1446,4.48
2023/1/31,1420,1440,1442,1417,5.55
2023/2/1,1434,1433,1443,1428,3.92
2023/2/2,1410,1414,1421,1400,5.35
2023/2/3,1373,1380,1385,1359,8.36
2023/2/6,1408,1385,1408,1379,6.48
2023/2/7,1398,1407,1417,1398,4.38
2023/2/8,1409,1422,1437,1409,6.56
2023/2/9,1416,1415,1424,1407,5.52
2023/2/10,1394,1400,1409,1383,9.77
2023/2/13,1472,1437,1475,1435,14.08
2023/2/14,1471,1478,1484,1468,5.82
2023/2/15,1463,1479,1481,1454,5.27
2023/2/16,1461,1463,1466,1449,5.31
2023/2/17,1438,1435,1440,1424,7.41
2023/2/20,1426,1408,1426,1401,6.43
2023/2/21,1465,1436,1472,1430,7.79
2023/2/22,1454,1461,1466,1448,5.95
2023/2/24,1446,1465,1465,1444,5.56
2023/2/27,1445,1461,1463,1445,5.07
2023/2/28,1433,1438,1456,1433,7.77
2023/3/1,1475,1436,1476,1435,9.29
2023/3/2,1482,1485,1490,1475,5.91
2023/3/3,1517,1490,1517,1488,10.05
2023/3/6,1495,1524,1525,1493,7.23
2023/3/7,1540,1500,1540,1499,9.35
2023/3/8,1501,1524,1525,1501,9.19
2023/3/9,1490,1505,1507,1486,5.84
2023/3/10,1471,1479,1483,1467,7.03
2023/3/13,1476,1470,1479,1463,4.96
2023/3/14,1395,1428,1428,1393,10.19
2023/3/15,1388,1401,1409,1385,8.16
2023/3/16,1327,1315,1348,1308,10.92
2023/3/17,1349,1341,1359,1337,9.26
2023/3/20,1323,1322,1345,1315,6.72
2023/3/22,1372,1363,1378,1357,8.46
2023/3/23,1371,1343,1376,1341,5.29
2023/3/24,1353,1347,1365,1344,5.02
2023/3/27,1344,1360,1362,1338,4.92
2023/3/28,1369,1380,1396,1367,8.73
2023/3/29,1409,1385,1411,1382,8.43
2023/3/30,1399,1405,1411,1392,5.26
2023/3/31,1397,1415,1420,1394,8.96
2023/4/3,1474,1470,1485,1463,15.72
2023/4/4,1493,1496,1504,1472,12.08
2023/4/5,1465,1487,1487,1460,7.43
2023/4/6,1436,1460,1464,1432,7.08
2023/4/7,1424,1435,1445,1423,5.16
2023/4/10,1445,1436,1453,1436,4.15
2023/4/11,1466,1448,1470,1439,6.36
2023/4/12,1492,1485,1505,1467,10.83
2023/4/13,1497,1508,1510,1493,6.51
2023/4/14,1514,1505,1520,1501,7.88
2023/4/17,1503,1515,1516,1497,5.83
2023/4/18,1471,1483,1484,1467,9.34
2023/4/19,1485,1479,1488,1472,6.44
2023/4/20,1471,1476,1478,1468,6.03
2023/4/21,1448,1455,1463,1446,7.22
2023/4/24,1443,1450,1453,1443,4.89
2023/4/25,1447,1459,1459,1446,7.23
2023/4/26,1449,1450,1453,1433,5.15
2023/4/27,1452,1420,1454,1418,6.51
2023/4/28,1473,1456,1473,1453,6.94
2023/5/1,1481,1493,1496,1481,4.99
2023/5/2,1484,1473,1484,1473,4.83
2023/5/8,1454,1450,1459,1437,11.37
2023/5/9,1469,1466,1474,1462,5.68
2023/5/10,1458,1474,1481,1458,7.72
2023/5/11,1476,1482,1504,1461,10.53
2023/5/12,1460,1476,1492,1454,10.56
2023/5/15,1464,1473,1477,1459,4.78
2023/5/16,1482,1492,1506,1481,8.21
2023/5/17,1475,1470,1482,1462,5.68
2023/5/18,1493,1500,1512,1493,7.61
2023/5/19,1500,1503,1504,1489,7.09
2023/5/22,1501,1493,1505,1491,4.05
2023/5/23,1508,1503,1518,1495,7
2023/5/24,1553,1520,1560,1518,12.74
2023/5/25,1561,1560,1575,1547,8.42
2023/5/26,1511,1543,1548,1511,8.78
2023/5/29,1537,1529,1544,1521,6.31
2023/5/30,1527,1536,1536,1514,4.52
2023/5/31,1480,1496,1504,1480,16.53
2023/6/1,1486,1470,1489,1465,5.41
2023/6/2,1515,1497,1515,1489,5.81
2023/6/5,1557.5,1550.5,1562.5,1543.5,11.04
2023/6/6,1599.5,1551.5,1599.5,1543.5,12.5
2023/6/7,1581,1598,1611,1572.5,11.76
2023/6/8,1587,1595.5,1612.5,1575.5,9.18
2023/6/9,1586.5,1589,1589.5,1580,7.32
2023/6/12,1578,1588,1601,1577.5,5.72
2023/6/13,1575,1570,1578,1559,8.65
2023/6/14,1600,1597.5,1609.5,1589,9
2023/6/15,1597,1591.5,1605,1584.5,7.25
2023/6/16,1637,1607,1645.5,1607,15.25
2023/6/19,1611.5,1647.5,1649,1602,7.93
2023/6/20,1598,1616,1616,1593,5.72
2023/6/21,1604,1585,1606.5,1575.5,5.48
2023/6/22,1627,1635,1651,1624.5,9.91
2023/6/23,1596.5,1608.5,1628,1588,9.55
2023/6/26,1606,1604.5,1621.5,1594,5.14
2023/6/27,1613.5,1620.5,1621,1597.5,6.04
2023/6/28,1621,1599,1622.5,1598.5,12.86
2023/6/29,1604,1601.5,1609.5,1591.5,9.65
2023/6/30,1598,1604.5,1605,1589.5,5.53
2023/7/3,1613.5,1603.5,1613.5,1600,5.51
2023/7/4,1608.5,1611.5,1617,1604.5,3.81
2023/7/5,1616,1621.5,1622.5,1609,4.89
2023/7/6,1621.5,1624,1634,1611.5,6.18
2023/7/7,1602,1599.5,1608,1583.5,6.95
2023/7/10,1616.5,1620,1634,1616,7.19
2023/7/11,1626,1627.5,1631.5,1621,4.26
2023/7/12,1668,1645.5,1673.5,1640,11.23
2023/7/13,1684,1686,1702.5,1677.5,8.07
2023/7/14,1680.5,1695,1698.5,1675.5,7.81
2023/7/18,1669.5,1672,1682,1664.5,5.18
2023/7/19,1704,1693,1708,1687.5,6.69
2023/7/20,1726,1709,1729,1701.5,5.75
2023/7/21,1767,1747.5,1775.5,1722,9.33
2023/7/24,1789,1780,1809,1765,9.44
2023/7/25,1840,1813,1863.5,1805.5,14.22
2023/7/26,1823,1840,1843,1798,9.69
2023/7/27,1826.5,1808,1829.5,1803,5.81
2023/7/28,1840,1813,1840,1798.5,7.93
2023/7/31,1832.5,1863,1866,1825.5,7.73
2023/8/1,1849,1857,1878,1838,7.89
2023/8/2,1857.5,1850,1874,1836,6.2
2023/8/3,1816,1840.5,1845.5,1813,5.71
2023/8/4,1850,1833.5,1864.5,1832,6.41
2023/8/7,1881.5,1849.5,1893.5,1847.5,7.04
2023/8/8,1876,1890,1907,1872,7.4
2023/8/9,1814.5,1900,1900,1810.5,11.93
2023/8/10,2116,2050,2140,2031.5,41.72
2023/8/14,2014,2078.5,2098.5,2008,18.38
2023/8/15,2025,2027,2059.5,2021.5,11.26
2023/8/16,1979.5,1960,1997.5,1948,9.61
2023/8/17,1956,1939.5,1980.5,1923.5,11.25
2023/8/18,1948.5,1955,1978.5,1948,8.94
2023/8/21,1979.5,1969,1994,1967,6.45
2023/8/22,1995.5,1984,1998,1977.5,5.62
2023/8/23,1989.5,1987,1993.5,1974.5,4.26
2023/8/24,2017,1999.5,2026,1995.5,7.42
2023/8/25,2007.5,2003.5,2014,1993.5,5.03
2023/8/28,2038.5,2027,2039,2022.5,6.73
2023/8/29,2031,2040,2059.5,2024,6.55
2023/8/30,2039.5,2044.5,2049.5,2034.5,5.81
2023/8/31,2035,2044,2045.5,2033.5,5.84
2023/9/1,2101,2050,2110,2047,10.64
2023/9/4,2141.5,2138,2149.5,2127,9.93
2023/9/5,2161.5,2153,2161.5,2134,7.92
2023/9/6,2199.5,2200,2236.5,2194,12.11
2023/9/7,2236,2203,2258,2202,11.11
2023/9/8,2174,2200,2228,2169.5,12.67
2023/9/11,2202.5,2220,2230.5,2186,8.78
2023/9/12,2221,2210.5,2232,2195,7.8
2023/9/13,2241.5,2270.5,2296,2235.5,10.81
2023/9/14,2267.5,2262.5,2272.5,2213,13.74
2023/9/15,2304,2300,2352,2279,20.26
2023/9/19,2358,2323,2358,2315,10.94
2023/9/20,2266.5,2359,2365.5,2254,18.88
2023/9/21,2224.5,2238,2276,2209.5,11.69
2023/9/22,2263.5,2225,2280.5,2211,9.57
2023/9/25,2268,2276,2285,2246.5,6.35
2023/9/26,2264,2271,2275.5,2248.5,4.6
2023/9/27,2267,2275,2276,2247.5,5.41
2023/9/28,2323,2340,2368.5,2306,13.74
2023/9/29,2256,2283,2290,2242,10.41
2023/10/2,2225,2248,2270,2225,9.22
2023/10/3,2080.5,2150,2155,2060,18.6
2023/10/4,1998,2096.5,2099.5,1996,15.37
2023/10/5,1963,1918,1976,1914,22.43
2023/10/6,1916.5,1942,1949.5,1907.5,15.17
2023/10/10,2081,2086.5,2112,2066,23.64
2023/10/11,2078,2082,2091,2058,9.68
2023/10/12,2058.5,2040,2069,2015.5,13.71
2023/10/13,2075.5,2070,2078.5,2048,10.31
2023/10/16,2131.5,2160,2174,2125,14.29
2023/10/17,2123,2124.5,2151.5,2108.5,9.73
2023/10/18,2219,2140,2222.5,2139.5,16.94
2023/10/19,2182,2216.5,2254,2164,15.34
2023/10/20,2230,2220,2249,2195,14.18
2023/10/23,2175.5,2208,2215.5,2172,9.3
2023/10/24,2170,2155,2178.5,2118,12.19
2023/10/25,2171.5,2140,2196,2133.5,9.32
2023/10/26,2137.5,2171.5,2206,2133.5,10.32
2023/10/27,2200.5,2147.5,2206,2136.5,7.43
2023/10/30,2157,2162.5,2175,2148,7.28
2023/10/31,2182.5,2168,2198,2163,8.5
2023/11/1,2221.5,2191,2228,2190.5,7.08
2023/11/2,2178.5,2218.5,2244,2171,9.53
2023/11/6,2170,2192,2192.5,2156,8.99
2023/11/7,2129.5,2161.5,2195.5,2128,9.33
2023/11/8,2013,2056,2074,2013,15.47
2023/11/9,2065,2020,2069,2001,11.7
2023/11/10,2040,2020,2054.5,2019,11.04
2023/11/13,2028,2049,2053.5,2008.5,8.69
2023/11/14,2084,2066.5,2091.5,2065.5,8.77
2023/11/15,2083,2118,2154.5,2072.5,9.62
2023/11/16,2074.5,2077.5,2090.5,2062.5,7.21
2023/11/17,2082.5,2024.5,2083,2022,10.23
2023/11/20,2097,2086.5,2111.5,2078,7.65
2023/11/21,2118.5,2111.5,2122,2092,6.8
2023/11/22,2108,2107.5,2122.5,2102,4.58
2023/11/24,2111.5,2110,2124,2103.5,4.69
2023/11/27,2090,2116,2119.5,2086.5,4
2023/11/28,2102.5,2096,2109,2088.5,4.11
2023/11/29,2068.5,2109,2109.5,2059,7.66
2023/11/30,2090,2067.5,2100.5,2058,10.83
2023/12/1,2085,2093.5,2105.5,2071,6.42
2023/12/4,2034,2072,2074,2033.5,6.19
2023/12/5,2014,2028,2040,1992.5,7.86
2023/12/6,2021,2013.5,2026,2003,5.85
2023/12/7,1963,1980,1980.5,1954,10.9
2023/12/8,1907.5,1949,1954.5,1905,14.77
2023/12/11,1937,1945,1952,1928.5,13.28
2023/12/12,1921,1935,1937,1912,10.41
2023/12/13,1883,1892,1902,1868.5,11.85
2023/12/14,1843.5,1896,1898,1830.5,8.18
2023/12/15,1900,1881,1927,1867.5,11.69
2023/12/18,1892.5,1890,1894.5,1873,5.1
2023/12/19,1918.5,1931.5,1933,1892.5,7.07
2023/12/20,1945.5,1949.5,1969.5,1941,8.84
2023/12/21,1923.5,1930,1942,1921.5,5.31
2023/12/22,1928.5,1926,1941,1921.5,4.12
2023/12/25,1934,1935.5,1943,1925.5,3.6
2023/12/26,1945.5,1943,1951.5,1933,4.96
2023/12/27,1974.5,1964.5,1981,1957.5,8.62
2023/12/28,1924.5,1915,1927.5,1903.5,6.52
2023/12/29,1904.5,1903,1922.5,1893.5,6.49
2024/1/4,1981.5,1944.5,1987.5,1922.5,11.54
2024/1/5,1981.5,1967.5,1981.5,1958.5,5.54
2024/1/9,1952.5,1956,1973,1939,6.88
2024/1/10,1951,1952,1957.5,1941,6.06
2024/1/11,1957.5,1964.5,1980.5,1952,6.52
2024/1/12,2010.5,1991,2010.5,1968,10.34
2024/1/15,2050,2039,2063,2028,9.5
2024/1/16,2054,2051,2057.5,2033,6.63
2024/1/17,2005.5,2055,2062.5,2005.5,8.5
2024/1/18,1990.5,1995,2010,1974,8.02
2024/1/19,1992.5,1998,1998.5,1980.5,6.82
2024/1/22,2001.5,1987,2001.5,1973.5,7.36
2024/1/23,1998,2011,2021.5,1988,6.04
2024/1/24,1998.5,2004,2016.5,1993,5.16
2024/1/25,1989,2015,2021.5,1989,4.8
2024/1/26,1984.5,2025,2041,1983.5,7.63
2024/1/29,2066,2034,2074.5,2032,11.4
2024/1/30,2053.5,2050,2062,2040.5,4.94
2024/1/31,2045,2055,2057,2038,4.63
2024/2/1,2039,2025,2043,2020.5,4.2
2024/2/2,2020.5,2018,2023,2003.5,5.25
2024/2/5,2026,2033.5,2036.5,2009,4.28
2024/2/6,1977,2015.5,2026,1977,7.36
2024/2/7,2024.5,2016.5,2031.5,1999.5,7.23
2024/2/8,2006,2038,2040,2005,5.17
2024/2/9,1995.5,2029,2050.5,1988.5,8.89
2024/2/13,2013.5,2010,2050,1976.5,18.42
2024/2/14,1975,2024.5,2031.5,1965,10.72
2024/2/15,1933,1967.5,1971.5,1923,9.35
2024/2/16,1998.5,1964,2014,1960.5,11.8
2024/2/19,2033.5,2000,2039.5,1995,5.76
2024/2/20,2019,2042,2042.5,2008.5,4.55
2024/2/21,1980,2000,2008,1968,9.86
2024/2/22,2016.5,2005.5,2019.5,2000,7.73
2024/2/26,1984,2018.5,2023.5,1981,8.32
2024/2/27,1990,1983,2002.5,1980.5,6.41
2024/2/28,2000.5,2000,2013.5,1984.5,19.06
2024/2/29,2011,2036,2050,1990.5,11.9
2024/3/1,2068,2013,2084.5,2013,10.89
2024/3/4,2080.5,2095,2123,2072.5,7.94
2024/3/5,2109,2071,2128,2069,7.91
2024/3/6,2145.5,2118,2149,2107,6.13
2024/3/7,2154,2159,2178,2145.5,6.71
2024/3/8,2169,2148.5,2174,2132,6.4
2024/3/11,2059.5,2126,2130.5,2035.5,9.57
2024/3/12,2064,2058.5,2072.5,2022.5,6.85
2024/3/13,2054.5,2079,2096,2037.5,5.03
2024/3/14,2112,2092,2149,2084.5,8.88
2024/3/15,2206,2147,2239.5,2143,21.23
2024/3/18,2205,2207,2226,2185,5.92
2024/3/19,2267.5,2226.5,2285,2222,8.85
2024/3/21,2311,2267.5,2313.5,2251.5,8.43
2024/3/22,2284,2311,2325,2263.5,5.96
2024/3/25,2275,2289,2292.5,2270,4.22
2024/3/26,2270,2301,2306,2265,4.72
2024/3/27,2269.5,2285,2301.5,2269.5,5.4
2024/3/28,2299.5,2277.5,2321.5,2272,7.13
2024/3/29,2340.5,2349.5,2379,2327,8.91
2024/4/1,2279,2372,2372.5,2257,10.85
2024/4/2,2324.5,2320,2346,2299,6.52
2024/4/3,2400,2395,2440,2377.5,12.69
2024/4/4,2469.5,2444,2491.5,2440,10.42
2024/4/5,2470,2477,2530,2455.5,14.81
2024/4/8,2460,2497,2503,2426,9.82
2024/4/9,2467.5,2488.5,2488.5,2451.5,4.63
2024/4/10,2472.5,2438.5,2475,2435,4.47
2024/4/11,2568,2503.5,2599,2498,12.64
2024/4/12,2594.5,2566.5,2598,2539.5,7.54
2024/4/15,2587.5,2599,2628,2567,9.35
2024/4/16,2494.5,2558,2563.5,2485.5,10.27
2024/4/17,2428,2473,2493,2403.5,8.7
2024/4/18,2373,2328,2384,2305.5,9.65
2024/4/19,2409,2350,2498,2320,28.03
2024/4/22,2389.5,2391,2441.5,2346,10.1
2024/4/23,2395.5,2420,2428,2393,5.43
2024/4/24,2435,2429,2449,2421.5,4.6
2024/4/25,2360,2420,2426.5,2359.5,5.62
2024/4/26,2373,2363,2396,2358,6.02
2024/4/30,2392.5,2373,2412,2360,6.55
2024/5/1,2351,2360,2367.5,2314.5,5.71
2024/5/2,2337,2321,2351.5,2313,5.04
2024/5/7,2360,2383,2388.5,2319.5,5.1
2024/5/8,2333.5,2364.5,2373.5,2331,3.6
2024/5/9,2368,2379.5,2379.5,2347.5,3.77
2024/5/10,2424,2388.5,2432.5,2385.5,4.84
2024/5/13,2393,2385,2399,2367,4.76
2024/5/14,2389.5,2433,2463,2355.5,13.33
2024/5/15,2388.5,2390,2427,2385.5,8.25
2024/5/16,2349,2389,2397,2333.5,7.32
2024/5/17,2357,2354.5,2362.5,2334.5,4.35
2024/5/20,2456,2370,2467.5,2370,8.87
2024/5/21,2440,2420,2462,2416,4.51
2024/5/22,2399.5,2417.5,2432.5,2396,5.05
2024/5/23,2393,2394.5,2396.5,2335.5,4.82
2024/5/24,2371,2373.5,2384.5,2346.5,3.88
2024/5/27,2388.5,2388.5,2406.5,2368.5,3.44
2024/5/28,2414.5,2397.5,2435,2397,4.08
2024/5/29,2433.5,2450,2478.5,2425.5,6.01
2024/5/30,2376.5,2383.5,2396,2361.5,6.21
2024/5/31,2423.5,2360,2425,2358,10.39
2024/6/3,2484,2465,2488,2456.5,6.42
2024/6/4,2390.5,2442,2460,2382.5,10.24
2024/6/5,2314.5,2320,2336,2310.5,8.32
2024/6/6,2310.5,2316,2331,2304,6.75
2024/6/7,2324,2329,2337,2316,3.68
2024/6/10,2346,2332,2354,2329,3.79
2024/6/11,2343,2385,2388,2340.5,5.27
2024/6/12,2375,2331,2386,2327,5.18
2024/6/13,2336,2359,2364.5,2333,4.36
2024/6/14,2342.5,2309,2351.5,2304,5.08
2024/6/17,2268,2341,2341,2263.5,5.31
2024/6/18,2273.5,2306.5,2308,2270.5,3.69
2024/6/19,2298,2305,2316,2296.5,3.2
2024/6/20,2315.5,2297,2324,2292,3.33
2024/6/21,2326.5,2327,2357.5,2326.5,6.02
2024/6/24,2316,2329.5,2331.5,2294.5,3.82
2024/6/25,2388,2355,2389,2345,7.09
2024/6/26,2395,2394,2398,2372.5,7.07
2024/6/27,2328.5,2350,2354,2318,5.3
2024/6/28,2367,2370,2372,2347,5.26
2024/7/1,2408,2374.5,2415,2368,6.71
2024/7/2,2489,2432,2489,2420,8.12
2024/7/3,2466.5,2451,2470.5,2432,6.06
2024/7/4,2475,2480,2486,2461.5,4.74
2024/7/5,2460.5,2475,2507.5,2456.5,5.19
2024/7/8,2440.5,2453,2473,2436,4.81
2024/7/9,2412.5,2430,2435,2392,5.58
2024/7/10,2415,2412.5,2436.5,2402.5,4
2024/7/11,2478,2433,2485.5,2432.5,5.58
2024/7/12,2443.5,2443.5,2480.5,2434,5.1
2024/7/16,2463.5,2465,2498.5,2463.5,5
2024/7/17,2459.5,2464,2482,2451.5,4.64
2024/7/18,2469,2462,2492,2456.5,5.04
2024/7/19,2420,2450.5,2470,2420,5.71
2024/7/22,2372,2404,2413,2363,5.41
2024/7/23,2368,2359.5,2394,2342.5,4.79
2024/7/24,2313.5,2336.5,2361.5,2303,5.02
2024/7/25,2252,2281,2293,2248,5.91
2024/7/26,2262,2252,2295.5,2238,5.23
2024/7/29,2311,2296.5,2335.5,2283,5.03
2024/7/30,2264.5,2268,2282.5,2253.5,12.99
2024/7/31,2326,2255,2339,2226,6.82
2024/8/1,2260.5,2322,2326.5,2245,5.51
2024/8/2,2105,2150,2184.5,2088.5,8.45
2024/8/5,1780.5,1875,1914,1700,13.96
2024/8/6,2000,1970,2024.5,1891,10.75
2024/8/7,1978.5,1910,2059,1882.5,10.53
2024/8/8,2020,1978,2054,1970,7.68
2024/8/9,2048,2088,2136.5,2017,12.72
2024/8/13,2110,2151,2167,2100,9.28
2024/8/14,2136.5,2099.5,2152.5,2071.5,6.73
2024/8/15,2149,2139.5,2171,2134,4.91
2024/8/16,2241.5,2200,2246,2196,5.2
2024/8/19,2161,2191.5,2214.5,2161,6.2
2024/8/20,2160,2179,2195.5,2156,4.65
2024/8/21,2136.5,2090,2137.5,2087,6.22
2024/8/22,2131,2121,2138,2118.5,4.28
2024/8/23,2136.5,2133,2154.5,2123,4.64
2024/8/26,2144.5,2148,2156,2137,3.56
2024/8/27,2192,2180,2196,2174.5,5.67
2024/8/28,2163,2145,2165,2133.5,5
2024/8/29,2165,2163,2172.5,2153,3.55
2024/8/30,2169.5,2184,2184.5,2168,5.37
2024/9/2,2183.5,2159,2194,2151.5,5.61
2024/9/3,2177,2183,2198,2170.5,5.57
2024/9/4,2032,2048.5,2072,2025.5,11.14
2024/9/5,2030,1997,2060,1980.5,8.01
2024/9/6,1994.5,2015,2026,1978.5,8.62
2024/9/9,1951.5,1910,1962,1905,9.32
2024/9/10,1923,1962,1973,1916.5,6.78
2024/9/11,1835,1875,1882.5,1822,11.7
2024/9/12,1858,1875,1887,1847,8.46
2024/9/13,1866.5,1858,1876,1851,8.09
2024/9/17,1849,1858.5,1872,1832.5,9.63
2024/9/18,1891.5,1874.5,1891.5,1863,8.22
2024/9/19,1905,1898,1916,1887.5,7.2
2024/9/20,1941.5,1940,1965,1923,7.76
2024/9/24,1972,1981.5,1983,1951.5,5.85
2024/9/25,1983,1985,1987.5,1952,4.82
2024/9/26,1982,1975,2005,1955,9.1
2024/9/27,1957.5,1942.5,1959,1907,15.81
2024/9/30,1938,1906.5,1940,1902,9.45
2024/10/1,1971.5,1957,1980,1950,6.91
2024/10/2,2058.5,2060,2077,2035,16.18
2024/10/3,2083.5,2108.5,2123,2067,9.65
2024/10/4,2166,2170,2184,2135.5,12.31
2024/10/7,2165.5,2205,2215,2161,9.96
2024/10/8,2173,2200,2214,2159,11.04
2024/10/9,2107,2133.5,2147.5,2096.5,9
2024/10/10,2109,2121,2128,2099.5,4.36
2024/10/11,2100,2131,2134,2094,4.59
2024/10/15,2031.5,2030,2056,2022.5,9.54
2024/10/16,2029,2021,2040,2005,6.68
2024/10/17,2017.5,2042.5,2051,2017,7.56
2024/10/18,2003,2033.5,2034,2001.5,5.63
2024/10/21,1999,2009.5,2018,1997.5,5.27
2024/10/22,1995,2000,2009,1982.5,5.43
2024/10/23,1989,1998,2009,1988.5,5.41
2024/10/24,1989.5,1978,1995,1969.5,4.6
2024/10/25,1974,1986,1997,1963.5,5.48
2024/10/28,1961.5,1920,1974,1916,8.8
2024/10/29,1988,1960,1992.5,1959.5,4.9
2024/10/30,1999,1994.5,2011.5,1991,6.48
2024/10/31,2013.5,2007,2015,1995,5.46
2024/11/1,2008.5,2020,2037,2002,5.43
2024/11/5,2017,2040,2045.5,2017,4.23
2024/11/6,2020,2015,2054,2013,6.57
2024/11/7,2047.5,2043.5,2072.5,2032.5,6.35
2024/11/8,2006.5,2047.5,2058.5,2004.5,7.13
2024/11/11,2008,2008.5,2027,1996.5,5.82
2024/11/12,2036,2010,2067,2003.5,10.22
2024/11/13,2029,2026,2045.5,2008.5,10.06
2024/11/14,2000,2020,2034,2000,7.35
2024/11/15,2040.5,2014.5,2054.5,2005,6.61
2024/11/18,2040.5,2023,2042,2012,5.02
2024/11/19,2054,2070,2074,2044,5.16
2024/11/20,2020,2039,2055,2016.5,6.31
2024/11/21,1980,1980.5,1990.5,1971.5,14.01
2024/11/22,2005,1983,2018,1978.5,10.62
2024/11/25,2018.5,2020,2022.5,2008.5,12.12
2024/11/26,1976,2009.5,2010,1965,8.75
2024/11/27,1948.5,1972,1973.5,1943.5,7.19
2024/11/28,1971.5,1948.5,1985,1948.5,4.89
2024/11/29,1974,1971.5,1987.5,1964.5,4.62
2024/12/2,1991.5,1974,1996,1973,3.81
2024/12/3,1985.5,1980.5,2001.5,1980.5,5.74
2024/12/4,1999,2007,2011,1986,5.29
2024/12/5,1992,1982,1997,1982,4.92
2024/12/6,1993,1987,1996.5,1982,4.41
2024/12/9,1975.5,1991.5,1996.5,1963,6.15
2024/12/10,1982,2006,2012.5,1982,5.84
2024/12/11,1970,1980.5,1984.5,1968,5.99
2024/12/12,1981.5,1982.5,1991,1974.5,6.61
2024/12/13,1963,1970,1982.5,1958,7.38
2024/12/16,1956,1967,1967,1946.5,6.96
2024/12/17,1933,1956,1961.5,1933,7.05
2024/12/18,1940,1934,1960,1933,5.25
2024/12/19,1933.5,1930,1943.5,1923.5,6.66
2024/12/20,1941.5,1948,1956,1936.5,8.66
2024/12/23,1960.5,1945,1963.5,1936.5,5.1
2024/12/24,1972,1967,1976.5,1960,4.61
2024/12/25,1988,1988,1992.5,1971.5,6.06
2024/12/26,1988,1990.5,1996,1984.5,10.81
2024/12/27,1963.5,1945,1967,1944,7.37
2024/12/30,1970.5,1970,1983.5,1963,5.88
2025/1/6,2004.5,1990,2005,1984.5,11.78
2025/1/7,1984.5,1999,2000,1966,7.9
2025/1/8,1993.5,1982.5,2001,1965.5,8.02
2025/1/9,1958,1983,1984,1955,5.75
2025/1/10,1950,1958,1966.5,1950,4.01
2025/1/14,1977.5,1998.5,2014.5,1971.5,11.52
2025/1/15,1990.5,1989,1995,1975.5,4.68
2025/1/16,1990.5,1992.5,2005.5,1984,8.49
2025/1/17,1971,1965,1971,1938.5,5.76
2025/1/20,1955.5,1965,1982,1954,4.55
2025/1/21,1911,1944,1950,1908,10.28
2025/1/22,1870,1901,1908,1870,11.39
2025/1/23,1887,1871,1892,1862,6.87
2025/1/24,1887,1884,1895.5,1876,5.46
2025/1/27,1887,1888,1899,1878,4.91
2025/1/28,1870.5,1875,1883,1862,4.3
2025/1/29,1851.5,1873.5,1881.5,1851,6.78
2025/1/30,1854.5,1851.5,1861,1848,5.31
2025/1/31,1870,1852,1872.5,1845.5,7.37
2025/2/3,1845,1865,1866.5,1845,8.33
2025/2/4,1844,1862,1865.5,1837,6.71
2025/2/5,1855.5,1865,1871.5,1843.5,4.31
2025/2/6,1858,1850,1863.5,1846.5,3.6
2025/2/7,1863.5,1858,1867,1842.5,3.68
2025/2/10,1894,1869,1897,1862,5.67
2025/2/12,1930,1915,1933,1897.5,9.79
2025/2/13,1925,1930,1945,1918,7.44
2025/2/14,1897.5,1940,1940,1882,13.71
2025/2/17,1861.5,1925,1929,1856,10.03
2025/2/18,1876,1871.5,1886.5,1853.5,4.93
2025/2/19,1879.5,1887.5,1911,1877,6.48
2025/2/20,1901.5,1901,1916,1882,6.8
2025/2/21,1915,1901.5,1929.5,1901.5,5.64
2025/2/25,1896.5,1900,1908,1888,6.01
2025/2/26,1864.5,1870,1875.5,1851,8.12
2025/2/27,1899,1877.5,1899,1876.5,5.16
2025/2/28,1906.5,1899,1914,1892.5,7.88
2025/3/3,1933,1930,1946,1915,5.37
2025/3/4,1897.5,1895,1901,1869,9.19
2025/3/5,1913,1892,1913,1886.5,6.19
2025/3/6,1909,1919,1924,1898,6.42
2025/3/7,1930,1910,1932.5,1898,6.37
2025/3/10,1954,1933,1963,1929,6.7
2025/3/11,1958,1944,1961.5,1923.5,6.28
2025/3/12,1962.5,1937.5,1969,1936.5,4.45
2025/3/13,1985,1980,2002,1977.5,6.8
2025/3/14,1985.5,1977,1994,1974,5.15
2025/3/17,2018,2003,2023.5,2002.5,6.25
2025/3/18,2061.5,2028.5,2063.5,2028,8.49
2025/3/19,2068,2059,2083,2052,5.45
2025/3/21,2104,2080.5,2125,2069,9.49
2025/3/24,2101,2102,2108.5,2081.5,4.51
2025/3/25,2114.5,2103.5,2117,2094.5,4.98
2025/3/26,2127.5,2125,2137,2115.5,4.91
2025/3/27,2143,2119.5,2143,2108,5.66
2025/3/28,2113.5,2140,2151.5,2104.5,5.82
2025/3/31,2057.5,2063.5,2078,2050.5,7.26
2025/4/1,2080.5,2113.5,2125.5,2077.5,6.04
2025/4/2,2031.5,2074,2076,2020,5.36
2025/4/3,1979.5,1952,1982,1950.5,8.78
2025/4/4,1877.5,1908,1931,1837.5,13.36
2025/4/7,1699,1690,1735.5,1661,17.12
2025/4/8,1781.5,1769,1819,1766,10.85
2025/4/9,1672.5,1727.5,1728,1651,15.48
2025/4/10,1792.5,1840,1840,1774.5,11.06
2025/4/11,1773.5,1732,1778,1705,9.87
2025/4/14,1769,1794,1794.5,1769,5.91
2025/4/15,1789.5,1800,1801.5,1778.5,4.14
2025/4/16,1766,1800,1801,1762.5,5.7
2025/4/17,1803.5,1775,1804.5,1766,5.21
2025/4/18,1858.5,1832,1860,1824.5,5.18
2025/4/21,1822,1818.5,1843,1811,4.26
2025/4/22,1820.5,1811,1827.5,1806.5,4.31
2025/4/23,1832.5,1850,1853,1820,5.74
2025/4/24,1804,1817.5,1826,1799,8.71
2025/4/25,1816.5,1810,1819,1807,5.69
2025/4/28,1825,1831,1837.5,1820,5.23
2025/4/30,1809,1823.5,1830,1805.5,9.32
2025/5/1,1820.5,1800.5,1820.5,1795,5.88
2025/5/2,1824,1820,1834,1807,7
